{"cameraMode":{"drawMode":0,"name":"Shaded","section":"Shading Mode"},"sceneLighting":true,"audioPlay":false,"sceneViewState":{"m_AlwaysRefresh":false,"showFog":true,"showSkybox":true,"showFlares":true,"showImageEffects":true,"showParticleSystems":true,"showVisualEffectGraphs":true,"m_FxEnabled":true},"in2DMode":false,"pivot":{"x":-0.9372482299804688,"y":1.287839412689209,"z":161.85533142089845},"rotation":{"x":-0.08371119201183319,"y":0.48488348722457888,"z":-0.04669240117073059,"w":-0.8693105578422546},"size":35.95674514770508,"orthographic":false}