{"cameraMode":{"drawMode":0,"name":"Shaded","section":"Shading Mode"},"sceneLighting":true,"audioPlay":false,"sceneViewState":{"m_AlwaysRefresh":false,"showFog":true,"showSkybox":true,"showFlares":true,"showImageEffects":true,"showParticleSystems":true,"showVisualEffectGraphs":true,"m_FxEnabled":true},"in2DMode":false,"pivot":{"x":-5.9986042976379398,"y":0.8613982200622559,"z":180.224365234375},"rotation":{"x":0.2870170474052429,"y":0.16195306181907655,"z":-0.04931183159351349,"w":0.9428653120994568},"size":3.2981443405151369,"orthographic":false}