{"cameraMode":{"drawMode":0,"name":"Shaded","section":"Shading Mode"},"sceneLighting":true,"audioPlay":false,"sceneViewState":{"m_AlwaysRefresh":false,"showFog":true,"showSkybox":true,"showFlares":true,"showImageEffects":true,"showParticleSystems":true,"showVisualEffectGraphs":true,"m_FxEnabled":true},"in2DMode":false,"pivot":{"x":-14.539039611816407,"y":17.071998596191408,"z":154.30377197265626},"rotation":{"x":0.11930092424154282,"y":0.08242030441761017,"z":-0.009927092120051384,"w":0.9893973469734192},"size":2.830923557281494,"orthographic":false}