{"cameraMode":{"drawMode":0,"name":"Shaded","section":"Shading Mode"},"sceneLighting":true,"audioPlay":false,"sceneViewState":{"m_AlwaysRefresh":false,"showFog":true,"showSkybox":true,"showFlares":true,"showImageEffects":true,"showParticleSystems":true,"showVisualEffectGraphs":true,"m_FxEnabled":true},"in2DMode":false,"pivot":{"x":-6.696549415588379,"y":-4.370456695556641,"z":160.39016723632813},"rotation":{"x":0.08884747326374054,"y":-0.26902687549591067,"z":0.024933908134698869,"w":0.9587182402610779},"size":16.367136001586915,"orthographic":false}