{"cameraMode":{"drawMode":0,"name":"Shaded","section":"Shading Mode"},"sceneLighting":true,"audioPlay":false,"sceneViewState":{"m_AlwaysRefresh":false,"showFog":true,"showSkybox":true,"showFlares":true,"showImageEffects":true,"showParticleSystems":true,"showVisualEffectGraphs":true,"m_FxEnabled":true},"in2DMode":false,"pivot":{"x":410.4082336425781,"y":58.896583557128909,"z":664.6490478515625},"rotation":{"x":0.11105270683765412,"y":0.4171781539916992,"z":-0.05145375058054924,"w":0.9005666971206665},"size":302.91583251953127,"orthographic":false}