{"cameraMode":{"drawMode":0,"name":"Shaded","section":"Shading Mode"},"sceneLighting":true,"audioPlay":false,"sceneViewState":{"m_AlwaysRefresh":false,"showFog":true,"showSkybox":true,"showFlares":true,"showImageEffects":true,"showParticleSystems":true,"showVisualEffectGraphs":true,"m_FxEnabled":true},"in2DMode":false,"pivot":{"x":11.65548324584961,"y":-2.427678108215332,"z":176.75006103515626},"rotation":{"x":0.17767128348350526,"y":0.2726309299468994,"z":-0.05130280926823616,"w":0.9441827535629273},"size":19.518388748168947,"orthographic":false}